Team,TotalWins,TotalDraws,TotalLosses,TotalGF,TotalGA,GoalDiff,Points
Leicester City,23,12,3,68,36,32,81
Arsenal,20,11,7,65,36,29,71
Tottenham Hotspur,19,13,6,69,35,34,70
Manchester City,19,9,10,71,41,30,66
Manchester United,19,9,10,49,35,14,66
Southampton,18,9,11,59,41,18,63
West Ham United,16,14,8,65,51,14,62
Liverpool,16,12,10,63,50,13,60
Stoke City,14,9,15,41,55,-14,51
Chelsea,12,14,12,59,53,6,50
Everton,11,14,13,59,55,4,47
Swansea City,12,11,15,42,52,-10,47
Watford,12,9,17,40,50,-10,45
West Bromwich Albion,10,13,15,34,48,-14,43
Crystal Palace,11,9,18,39,51,-12,42
Bournemouth,11,9,18,45,67,-22,42
Sunderland,9,12,17,48,62,-14,39
Newcastle United,9,10,19,44,65,-21,37
Norwich City,9,7,22,39,67,-28,34
Aston Villa,3,8,27,27,76,-49,17
